{"assets":[{"id":"image_0","w":335,"h":567,"u":"images/","p":"img_0.png"},{"id":"image_1","w":399,"h":574,"u":"images/","p":"img_1.png"},{"id":"image_2","w":335,"h":567,"u":"images/","p":"img_2.png"},{"id":"image_3","w":399,"h":575,"u":"images/","p":"img_3.png"},{"id":"image_4","w":525,"h":434,"u":"images/","p":"img_4.png"},{"id":"image_5","w":700,"h":607,"u":"images/","p":"img_5.png"},{"id":"image_6","w":700,"h":607,"u":"images/","p":"img_6.png"},{"id":"image_7","w":700,"h":607,"u":"images/","p":"img_7.png"},{"id":"image_8","w":700,"h":607,"u":"images/","p":"img_8.png"},{"id":"image_9","w":700,"h":607,"u":"images/","p":"img_9.png"},{"id":"image_10","w":700,"h":607,"u":"images/","p":"img_10.png"},{"id":"image_11","w":700,"h":607,"u":"images/","p":"img_11.png"},{"id":"image_12","w":700,"h":607,"u":"images/","p":"img_12.png"},{"id":"image_13","w":700,"h":607,"u":"images/","p":"img_13.png"},{"id":"image_14","w":700,"h":607,"u":"images/","p":"img_14.png"},{"id":"image_15","w":700,"h":607,"u":"images/","p":"img_15.png"},{"id":"image_16","w":700,"h":607,"u":"images/","p":"img_16.png"},{"id":"image_17","w":700,"h":607,"u":"images/","p":"img_17.png"},{"id":"image_18","w":700,"h":607,"u":"images/","p":"img_18.png"},{"id":"image_19","w":700,"h":607,"u":"images/","p":"img_19.png"},{"id":"image_20","w":700,"h":607,"u":"images/","p":"img_20.png"},{"id":"image_21","w":88,"h":81,"u":"images/","p":"img_21.png"},{"id":"image_22","w":88,"h":81,"u":"images/","p":"img_22.png"},{"id":"image_23","w":88,"h":81,"u":"images/","p":"img_23.png"},{"id":"image_24","w":88,"h":81,"u":"images/","p":"img_24.png"},{"id":"comp_0","layers":[{"ddd":0,"ind":0,"ty":2,"nm":"平移竖(1)@2x.png","cl":"png","refId":"image_0","ks":{"o":{"k":100},"r":{"k":0},"p":{"k":[{"i":{"x":0.31,"y":1},"o":{"x":0.177,"y":0},"n":"0p31_1_0p177_0","t":44,"s":[758,1072.2,0],"e":[427,1122.3,0],"to":[-54.3103866577148,8.05811500549316,0],"ti":[55.1666679382324,-8.35000038146973,0]},{"i":{"x":0.31,"y":0.31},"o":{"x":0.167,"y":0.167},"n":"0p31_0p31_0p167_0p167","t":52,"s":[427,1122.3,0],"e":[427,1122.3,0],"to":[0,0,0],"ti":[0,0,0]},{"i":{"x":0.31,"y":0.31},"o":{"x":0.167,"y":0.167},"n":"0p31_0p31_0p167_0p167","t":53,"s":[427,1122.3,0],"e":[427,1122.3,0],"to":[0,0,0],"ti":[0,0,0]},{"i":{"x":0.31,"y":0.31},"o":{"x":0.167,"y":0.167},"n":"0p31_0p31_0p167_0p167","t":54,"s":[427,1122.3,0],"e":[427,1122.3,0],"to":[0,0,0],"ti":[0,0,0]},{"i":{"x":0.31,"y":0.31},"o":{"x":0.167,"y":0.167},"n":"0p31_0p31_0p167_0p167","t":55,"s":[427,1122.3,0],"e":[427,1122.3,0],"to":[0,0,0],"ti":[0,0,0]},{"i":{"x":0.31,"y":0.31},"o":{"x":0.167,"y":0.167},"n":"0p31_0p31_0p167_0p167","t":56,"s":[427,1122.3,0],"e":[427,1122.3,0],"to":[0,0,0],"ti":[0,0,0]},{"i":{"x":0.31,"y":0.31},"o":{"x":0.167,"y":0.167},"n":"0p31_0p31_0p167_0p167","t":57,"s":[427,1122.3,0],"e":[427,1122.3,0],"to":[0,0,0],"ti":[0,0,0]},{"i":{"x":0.31,"y":0.31},"o":{"x":0.167,"y":0.167},"n":"0p31_0p31_0p167_0p167","t":58,"s":[427,1122.3,0],"e":[427,1122.3,0],"to":[0,0,0],"ti":[0,0,0]},{"i":{"x":0.31,"y":0.31},"o":{"x":0.167,"y":0.167},"n":"0p31_0p31_0p167_0p167","t":59,"s":[427,1122.3,0],"e":[427,1122.3,0],"to":[0,0,0],"ti":[0,0,0]},{"t":60}]},"a":{"k":[167.5,283.5,0]},"s":{"k":[145,145,100]}},"ao":0,"ip":52,"op":61,"st":26,"bm":0,"sr":1},{"ddd":0,"ind":1,"ty":2,"nm":"平移糊左.png","cl":"png","refId":"image_1","ks":{"o":{"k":100},"r":{"k":0},"p":{"k":[{"i":{"x":0.31,"y":1},"o":{"x":0.167,"y":0},"n":"0p31_1_0p167_0","t":46,"s":[820,1080.2,0],"e":[456.4,1126.2,0],"to":[-60.5999984741211,7.66666650772095,0],"ti":[60.5999984741211,-7.66666650772095,0]},{"t":52}]},"a":{"k":[199.5,287,0]},"s":{"k":[147.4,147.4,100]}},"ao":0,"ip":47,"op":53,"st":28,"bm":0,"sr":1},{"ddd":0,"ind":2,"ty":2,"nm":"平移竖(1)@2x.png","cl":"png","refId":"image_0","ks":{"o":{"k":100},"r":{"k":0},"p":{"k":[{"i":{"x":0.31,"y":1},"o":{"x":0.167,"y":0},"n":"0p31_1_0p167_0","t":46,"s":[800,1119.4,0],"e":[390.4,1072.2,0],"to":[-68.2666702270508,-7.86666679382324,0],"ti":[68.2666702270508,7.86666679382324,0]},{"t":55}]},"a":{"k":[167.5,283.5,0]},"s":{"k":[144.8,144.8,100]}},"ao":0,"ip":46,"op":47,"st":28,"bm":0,"sr":1},{"ddd":0,"ind":3,"ty":2,"nm":"平移竖(2)@2x.png","cl":"png","refId":"image_2","ks":{"o":{"k":100},"r":{"k":0},"p":{"k":[{"i":{"x":0.31,"y":0.31},"o":{"x":0.167,"y":0.167},"n":"0p31_0p31_0p167_0p167","t":42,"s":[644,1118.2,0],"e":[644,1118.2,0],"to":[0,0,0],"ti":[0,0,0]},{"t":46}]},"a":{"k":[167.5,283.5,0]},"s":{"k":[144.8,144.8,100]}},"ao":0,"ip":42,"op":46,"st":24,"bm":0,"sr":1},{"ddd":0,"ind":5,"ty":2,"nm":"平移糊右.png","cl":"png","refId":"image_3","ks":{"o":{"k":100},"r":{"k":0},"p":{"k":[{"i":{"x":0.31,"y":1},"o":{"x":0.167,"y":0},"n":"0p31_1_0p167_0","t":34,"s":[-108,1069,0],"e":[624,1116.2,0],"to":[122,7.86666679382324,0],"ti":[-122,-7.86666679382324,0]},{"t":42}]},"a":{"k":[199.5,287.5,0]},"s":{"k":[{"i":{"x":[0.833,0.833,0.833],"y":[0.833,0.833,0.833]},"o":{"x":[0.167,0.167,0.167],"y":[0.167,0.167,0.167]},"n":["0p833_0p833_0p167_0p167","0p833_0p833_0p167_0p167","0p833_0p833_0p167_0p167"],"t":34,"s":[158,158,100],"e":[150,150,100]},{"t":38}]}},"ao":0,"ip":35,"op":43,"st":16,"bm":0,"sr":1},{"ddd":0,"ind":6,"ty":2,"nm":"平移竖(2)@2x.png","cl":"png","refId":"image_2","ks":{"o":{"k":100},"r":{"k":0},"p":{"k":[{"i":{"x":0.31,"y":1},"o":{"x":0.167,"y":0},"n":"0p31_1_0p167_0","t":34,"s":[-66,1003,0],"e":[610,1072.2,0],"to":[112.666664123535,11.5333337783813,0],"ti":[-112.666664123535,-11.5333337783813,0]},{"t":42}]},"a":{"k":[167.5,283.5,0]},"s":{"k":[{"i":{"x":[0.833,0.833,0.833],"y":[0.833,0.833,0.833]},"o":{"x":[0.167,0.167,0.167],"y":[0.167,0.167,0.167]},"n":["0p833_0p833_0p167_0p167","0p833_0p833_0p167_0p167","0p833_0p833_0p167_0p167"],"t":34,"s":[127,127,100],"e":[100,100,100]},{"t":38}]}},"ao":0,"ip":34,"op":35,"st":16,"bm":0,"sr":1},{"ddd":0,"ind":7,"ty":2,"nm":"平移竖(1)@2x.png","cl":"png","refId":"image_0","ks":{"o":{"k":100},"r":{"k":0},"p":{"k":[26,995,0]},"a":{"k":[167.5,283.5,0]},"s":{"k":[127,127,100]}},"ao":0,"ip":30,"op":34,"st":12,"bm":0,"sr":1},{"ddd":0,"ind":8,"ty":2,"nm":"平移糊左.png","cl":"png","refId":"image_1","ks":{"o":{"k":100},"r":{"k":0},"p":{"k":[{"i":{"x":0.42,"y":1},"o":{"x":0.333,"y":0},"n":"0p42_1_0p333_0","t":22,"s":[779,573,0],"e":[94,967,0],"to":[-114.166664123535,65.6666641235352,0],"ti":[114.166664123535,-65.6666641235352,0]},{"t":30}]},"a":{"k":[199.5,287,0]},"s":{"k":[{"i":{"x":[0.667,0.667,0.667],"y":[1,1,0.667]},"o":{"x":[0.333,0.333,0.333],"y":[0,0,0.333]},"n":["0p667_1_0p333_0","0p667_1_0p333_0","0p667_0p667_0p333_0p333"],"t":22,"s":[98,98,100],"e":[127,127,100]},{"t":27}]}},"ao":0,"ip":23,"op":31,"st":4,"bm":0,"sr":1},{"ddd":0,"ind":9,"ty":2,"nm":"平移竖(1)@2x.png","cl":"png","refId":"image_0","ks":{"o":{"k":100},"r":{"k":0},"p":{"k":[{"i":{"x":0.42,"y":1},"o":{"x":0.333,"y":0},"n":"0p42_1_0p333_0","t":22,"s":[735,581,0],"e":[26,995,0],"to":[-118.166664123535,69,0],"ti":[118.166664123535,-69,0]},{"i":{"x":0.42,"y":0.42},"o":{"x":0.167,"y":0.167},"n":"0p42_0p42_0p167_0p167","t":30,"s":[26,995,0],"e":[26,995,0],"to":[0,0,0],"ti":[0,0,0]},{"t":31}]},"a":{"k":[167.5,283.5,0]},"s":{"k":[{"i":{"x":[0.667,0.667,0.667],"y":[1,1,0.667]},"o":{"x":[0.333,0.333,0.333],"y":[0,0,0.333]},"n":["0p667_1_0p333_0","0p667_1_0p333_0","0p667_0p667_0p333_0p333"],"t":22,"s":[64,64,100],"e":[127,127,100]},{"i":{"x":[0.833,0.833,0.833],"y":[0.833,0.833,0.833]},"o":{"x":[0.167,0.167,0.167],"y":[0.167,0.167,0.167]},"n":["0p833_0p833_0p167_0p167","0p833_0p833_0p167_0p167","0p833_0p833_0p167_0p167"],"t":27,"s":[127,127,100],"e":[127,127,100]},{"i":{"x":[0.833,0.833,0.833],"y":[0.833,0.833,0.833]},"o":{"x":[0.167,0.167,0.167],"y":[0.167,0.167,0.167]},"n":["0p833_0p833_0p167_0p167","0p833_0p833_0p167_0p167","0p833_0p833_0p167_0p167"],"t":30,"s":[127,127,100],"e":[127,127,100]},{"t":31}]}},"ao":0,"ip":30,"op":31,"st":4,"bm":0,"sr":1},{"ddd":0,"ind":10,"ty":2,"nm":"平移竖(1)@2x.png","cl":"png","refId":"image_0","ks":{"o":{"k":100},"r":{"k":0},"p":{"k":[{"i":{"x":0.667,"y":0.667},"o":{"x":0.333,"y":0.333},"n":"0p667_0p667_0p333_0p333","t":22,"s":[765,581,0],"e":[765,581,0],"to":[0,0,0],"ti":[0,0,0]},{"t":23}]},"a":{"k":[167.5,283.5,0]},"s":{"k":[{"i":{"x":[0.667,0.667,0.667],"y":[0.667,0.667,0.667]},"o":{"x":[0.333,0.333,0.333],"y":[0.333,0.333,0.333]},"n":["0p667_0p667_0p333_0p333","0p667_0p667_0p333_0p333","0p667_0p667_0p333_0p333"],"t":22,"s":[96,96,100],"e":[96,96,100]},{"t":23}]}},"ao":0,"ip":22,"op":23,"st":4,"bm":0,"sr":1},{"ddd":0,"ind":11,"ty":2,"nm":"平移竖(2)@2x.png","cl":"png","refId":"image_2","ks":{"o":{"k":100},"r":{"k":0},"p":{"k":[695,581,0]},"a":{"k":[167.5,283.5,0]},"s":{"k":[96,96,100]}},"ao":0,"ip":19,"op":22,"st":9,"bm":0,"sr":1},{"ddd":0,"ind":12,"ty":2,"nm":"平移竖(2)@2x.png","cl":"png","refId":"image_2","ks":{"o":{"k":100},"r":{"k":0},"p":{"k":[{"i":{"x":0.196,"y":0.196},"o":{"x":0.167,"y":0.167},"n":"0p196_0p196_0p167_0p167","t":18,"s":[695,581,0],"e":[695,581,0],"to":[0,0,0],"ti":[0,0,0]},{"t":19}]},"a":{"k":[167.5,283.5,0]},"s":{"k":[{"i":{"x":[0.833,0.833,0.833],"y":[1,1,0.833]},"o":{"x":[0.167,0.167,0.167],"y":[0.167,0.167,0.167]},"n":["0p833_1_0p167_0p167","0p833_1_0p167_0p167","0p833_0p833_0p167_0p167"],"t":1,"s":[20,20,100],"e":[96,96,100]},{"i":{"x":[0.833,0.833,0.833],"y":[0.833,0.833,0.833]},"o":{"x":[0.167,0.167,0.167],"y":[0.167,0.167,0.167]},"n":["0p833_0p833_0p167_0p167","0p833_0p833_0p167_0p167","0p833_0p833_0p167_0p167"],"t":18,"s":[96,96,100],"e":[96,96,100]},{"t":19}]}},"ao":0,"ip":18,"op":19,"st":1,"bm":0,"sr":1},{"ddd":0,"ind":13,"ty":2,"nm":"平移糊右.png","cl":"png","refId":"image_3","ks":{"o":{"k":100},"r":{"k":0},"p":{"k":[{"i":{"x":0.196,"y":1},"o":{"x":0.167,"y":0},"n":"0p196_1_0p167_0","t":11,"s":[84,493,0],"e":[648,571,0],"to":[-145.66667175293,31.3333339691162,0],"ti":[0,0,0]},{"t":19}]},"a":{"k":[199.5,287.5,0]},"s":{"k":[{"i":{"x":[0.667,0.667,0.667],"y":[1,1,0.667]},"o":{"x":[0.167,0.167,0.167],"y":[0.167,0.167,0.167]},"n":["0p667_1_0p167_0p167","0p667_1_0p167_0p167","0p667_0p667_0p167_0p167"],"t":1,"s":[20,20,100],"e":[78,78,100]},{"i":{"x":[0.833,0.833,0.833],"y":[1,1,0.833]},"o":{"x":[0.333,0.333,0.333],"y":[0,0,0.333]},"n":["0p833_1_0p333_0","0p833_1_0p333_0","0p833_0p833_0p333_0p333"],"t":11,"s":[78,78,100],"e":[98,98,100]},{"t":16}]}},"ao":0,"ip":12,"op":19,"st":1,"bm":0,"sr":1},{"ddd":0,"ind":14,"ty":2,"nm":"平移竖(2)@2x.png","cl":"png","refId":"image_2","ks":{"o":{"k":100},"r":{"k":0},"p":{"k":[{"i":{"x":0.101,"y":1},"o":{"x":0.167,"y":0},"n":"0p101_1_0p167_0","t":11,"s":[124,503,0],"e":[124,503,0],"to":[-145.66667175293,31.3333339691162,0],"ti":[12.3504705429077,-2.65662288665771,0]},{"t":12}]},"a":{"k":[167.5,283.5,0]},"s":{"k":[{"i":{"x":[0.667,0.667,0.667],"y":[1,1,0.667]},"o":{"x":[0.167,0.167,0.167],"y":[0.167,0.167,0.167]},"n":["0p667_1_0p167_0p167","0p667_1_0p167_0p167","0p667_0p667_0p167_0p167"],"t":1,"s":[20,20,100],"e":[72,72,100]},{"i":{"x":[0.667,0.667,0.667],"y":[0.667,0.667,0.667]},"o":{"x":[0.333,0.333,0.333],"y":[0.333,0.333,0.333]},"n":["0p667_0p667_0p333_0p333","0p667_0p667_0p333_0p333","0p667_0p667_0p333_0p333"],"t":11,"s":[72,72,100],"e":[72,72,100]},{"t":12}]}},"ao":0,"ip":11,"op":12,"st":1,"bm":0,"sr":1},{"ddd":0,"ind":15,"ty":2,"nm":"平移竖(1)@2x.png","cl":"png","refId":"image_0","ks":{"o":{"k":100},"r":{"k":0},"p":{"k":[138,503,0]},"a":{"k":[167.5,283.5,0]},"s":{"k":[{"i":{"x":[0.94,0.94,0.833],"y":[0.977,0.977,0.833]},"o":{"x":[0.167,0.167,0.167],"y":[0.167,0.167,0.167]},"n":["0p94_0p977_0p167_0p167","0p94_0p977_0p167_0p167","0p833_0p833_0p167_0p167"],"t":1,"s":[20,20,100],"e":[72,72,100]},{"t":7}]}},"ao":0,"ip":7,"op":11,"st":1,"bm":0,"sr":1},{"ddd":0,"ind":16,"ty":2,"nm":"平移竖(1)@2x.png","cl":"png","refId":"image_0","ks":{"o":{"k":100},"r":{"k":0},"p":{"k":[{"i":{"x":0.101,"y":1},"o":{"x":0.167,"y":0},"n":"0p101_1_0p167_0","t":6,"s":[138,503,0],"e":[138,503,0],"to":[-145.66667175293,31.3333339691162,0],"ti":[12.3504705429077,-2.65662288665771,0]},{"t":7}]},"a":{"k":[167.5,283.5,0]},"s":{"k":[{"i":{"x":[0.833,0.833,0.833],"y":[1,1,0.833]},"o":{"x":[0.204,0.204,0.215],"y":[0.073,0.073,0.215]},"n":["0p833_1_0p204_0p073","0p833_1_0p204_0p073","0p833_0p833_0p215_0p215"],"t":-1,"s":[20,20,100],"e":[72,72,100]},{"i":{"x":[0.833,0.833,0.833],"y":[0.833,0.833,0.833]},"o":{"x":[0.167,0.167,0.167],"y":[0.167,0.167,0.167]},"n":["0p833_0p833_0p167_0p167","0p833_0p833_0p167_0p167","0p833_0p833_0p167_0p167"],"t":6,"s":[72,72,100],"e":[72,72,100]},{"t":7}]}},"ao":0,"ip":6,"op":7,"st":0,"bm":0,"sr":1},{"ddd":0,"ind":17,"ty":2,"nm":"平移糊左.png","cl":"png","refId":"image_1","ks":{"o":{"k":100},"r":{"k":0},"p":{"k":[{"i":{"x":0.137,"y":0.895},"o":{"x":0.282,"y":0},"n":"0p137_0p895_0p282_0","t":0,"s":[755,267,0],"e":[169.867,497.425,0],"to":[-63.5307579040527,13.6656551361084,0],"ti":[60.9779586791992,-16.9658317565918,0]},{"i":{"x":0.644,"y":1},"o":{"x":0.311,"y":0.058},"n":"0p644_1_0p311_0p058","t":6,"s":[169.867,497.425,0],"e":[114,459,0],"to":[-3.24349284172058,0.90243351459503,0],"ti":[0.62375825643539,-0.13417226076126,0]},{"t":7}]},"a":{"k":[199.5,287,0]},"s":{"k":[{"i":{"x":[0.667,0.667,0.667],"y":[1,1,0.667]},"o":{"x":[0.204,0.204,0.215],"y":[0.02,0.02,0.215]},"n":["0p667_1_0p204_0p02","0p667_1_0p204_0p02","0p667_0p667_0p215_0p215"],"t":-1,"s":[20,20,100],"e":[47,47,100]},{"i":{"x":[0.833,0.833,0.833],"y":[1,1,0.833]},"o":{"x":[0.333,0.333,0.333],"y":[0,0,0.333]},"n":["0p833_1_0p333_0","0p833_1_0p333_0","0p833_0p833_0p333_0p333"],"t":0,"s":[47,47,100],"e":[74,74,100]},{"t":5}]}},"ao":0,"ip":1,"op":7,"st":0,"bm":0,"sr":1},{"ddd":0,"ind":18,"ty":2,"nm":"平移竖(1)@2x.png","cl":"png","refId":"image_0","ks":{"o":{"k":100},"r":{"k":0},"p":{"k":[745,267,0]},"a":{"k":[167.5,283.5,0]},"s":{"k":[{"i":{"x":[0.667,0.667,0.667],"y":[1,1,0.667]},"o":{"x":[0.204,0.204,0.215],"y":[0.023,0.023,0.215]},"n":["0p667_1_0p204_0p023","0p667_1_0p204_0p023","0p667_0p667_0p215_0p215"],"t":-1,"s":[20,20,100],"e":[44,44,100]},{"t":0}]}},"ao":0,"ip":0,"op":1,"st":0,"bm":0,"sr":1},{"ddd":0,"ind":19,"ty":0,"nm":"比心+爱心","refId":"comp_1","ks":{"o":{"k":100},"r":{"k":0},"p":{"k":[388,332,0]},"a":{"k":[621,1104,0]},"s":{"k":[100,100,100]}},"ao":0,"w":1242,"h":2208,"ip":0,"op":300,"st":0,"bm":0,"sr":1}]},{"id":"comp_1","layers":[{"ddd":0,"ind":0,"ty":0,"nm":"比心_2","refId":"comp_2","ks":{"o":{"k":[{"i":{"x":[0.667],"y":[1]},"o":{"x":[0.333],"y":[0]},"n":["0p667_1_0p333_0"],"t":139,"s":[100],"e":[0]},{"t":145}]},"r":{"k":0},"p":{"k":[635,1441,0]},"a":{"k":[1250,1750,0]},"s":{"k":[100,100,100]}},"ao":0,"w":2500,"h":3500,"ip":61,"op":361,"st":61,"bm":0,"sr":1}]},{"id":"comp_2","layers":[{"ddd":0,"ind":0,"ty":0,"nm":"爱心","refId":"comp_3","ks":{"o":{"k":[{"i":{"x":[0.667],"y":[1]},"o":{"x":[0.333],"y":[0]},"n":["0p667_1_0p333_0"],"t":34,"s":[100],"e":[0]},{"t":49}]},"r":{"k":0},"p":{"k":[{"i":{"x":0.667,"y":1},"o":{"x":0.333,"y":0},"n":"0p667_1_0p333_0","t":-52,"s":[1250,2491,0],"e":[1256,2119,0],"to":[1,-62,0],"ti":[6,47,0]},{"i":{"x":0.667,"y":1},"o":{"x":0.333,"y":0},"n":"0p667_1_0p333_0","t":22,"s":[1256,2119,0],"e":[1256,2119,0],"to":[-1.47863304615021,-11.5826253890991,0],"ti":[6,47,0]},{"i":{"x":0.667,"y":1},"o":{"x":0.333,"y":0},"n":"0p667_1_0p333_0","t":23,"s":[1256,2119,0],"e":[1246.688,2125.983,0],"to":[-1.47863304615021,-11.5826253890991,0],"ti":[1.54949414730072,-7.68956851959229,0]},{"i":{"x":0.667,"y":1},"o":{"x":0.333,"y":0},"n":"0p667_1_0p333_0","t":24,"s":[1246.688,2125.983,0],"e":[1246.688,2125.983,0],"to":[-5.41851806640625,26.8901062011719,0],"ti":[1.54949414730072,-7.68956851959229,0]},{"i":{"x":0.667,"y":1},"o":{"x":0.333,"y":0},"n":"0p667_1_0p333_0","t":25,"s":[1246.688,2125.983,0],"e":[1203.998,2135.534,0],"to":[-5.41851806640625,26.8901062011719,0],"ti":[6.25230598449707,-20.8620433807373,0]},{"i":{"x":0.667,"y":1},"o":{"x":0.333,"y":0},"n":"0p667_1_0p333_0","t":26,"s":[1203.998,2135.534,0],"e":[1203.998,2135.534,0],"to":[-6.17278575897217,20.5967082977295,0],"ti":[6.25230598449707,-20.8620433807373,0]},{"i":{"x":0.667,"y":1},"o":{"x":0.333,"y":0},"n":"0p667_1_0p333_0","t":27,"s":[1203.998,2135.534,0],"e":[1198,2155,0],"to":[-6.17278575897217,20.5967082977295,0],"ti":[2.4000198841095,39.218505859375,0]},{"i":{"x":0.667,"y":1},"o":{"x":0.333,"y":0},"n":"0p667_1_0p333_0","t":28,"s":[1198,2155,0],"e":[1212,1400,0],"to":[-7.33333349227905,-119.833335876465,0],"ti":[-2.33333325386047,125.833335876465,0]},{"t":45}]},"a":{"k":[490,963,0]},"s":{"k":[{"i":{"x":[0.667,0.667,0.667],"y":[0.667,0.667,0.667]},"o":{"x":[0.333,0.333,0.333],"y":[0.333,0.333,0.333]},"n":["0p667_0p667_0p333_0p333","0p667_0p667_0p333_0p333","0p667_0p667_0p333_0p333"],"t":22,"s":[53,58.3,100],"e":[53,58.3,100]},{"i":{"x":[0.667,0.667,0.667],"y":[1,1,0.667]},"o":{"x":[0.333,0.333,0.333],"y":[0,0,0.333]},"n":["0p667_1_0p333_0","0p667_1_0p333_0","0p667_0p667_0p333_0p333"],"t":23,"s":[53,58.3,100],"e":[70.63,77.693,100]},{"i":{"x":[0.667,0.667,0.667],"y":[0.667,0.667,0.667]},"o":{"x":[0.333,0.333,0.333],"y":[0.333,0.333,0.333]},"n":["0p667_0p667_0p333_0p333","0p667_0p667_0p333_0p333","0p667_0p667_0p333_0p333"],"t":24,"s":[70.63,77.693,100],"e":[70.63,77.693,100]},{"i":{"x":[0.667,0.667,0.667],"y":[1,1,0.667]},"o":{"x":[0.333,0.333,0.333],"y":[0,0,0.333]},"n":["0p667_1_0p333_0","0p667_1_0p333_0","0p667_0p667_0p333_0p333"],"t":25,"s":[70.63,77.693,100],"e":[107.37,118.107,100]},{"i":{"x":[0.667,0.667,0.667],"y":[0.667,0.667,0.667]},"o":{"x":[0.333,0.333,0.333],"y":[0.333,0.333,0.333]},"n":["0p667_0p667_0p333_0p333","0p667_0p667_0p333_0p333","0p667_0p667_0p333_0p333"],"t":26,"s":[107.37,118.107,100],"e":[107.37,118.107,100]},{"i":{"x":[0.667,0.667,0.667],"y":[1,1,0.667]},"o":{"x":[0.333,0.333,0.333],"y":[0,0,0.333]},"n":["0p667_1_0p333_0","0p667_1_0p333_0","0p667_0p667_0p333_0p333"],"t":27,"s":[107.37,118.107,100],"e":[182.337,200.57,100]},{"i":{"x":[0.667,0.667,0.667],"y":[1,1,0.667]},"o":{"x":[0.333,0.333,0.333],"y":[0,0,0.333]},"n":["0p667_1_0p333_0","0p667_1_0p333_0","0p667_0p667_0p333_0p333"],"t":28,"s":[182.337,200.57,100],"e":[1320.909,1453,100]},{"t":45}]}},"ao":0,"w":1080,"h":1920,"ip":22,"op":300,"st":0,"bm":0,"sr":1},{"ddd":0,"ind":1,"ty":0,"nm":"电视比心-有腿","refId":"comp_4","ks":{"o":{"k":100},"r":{"k":0},"p":{"k":[1250,1750,0]},"a":{"k":[960,960,0]},"s":{"k":[100,100,100]}},"ao":0,"w":1920,"h":1920,"ip":0,"op":300,"st":0,"bm":0,"sr":1},{"ddd":0,"ind":2,"ty":0,"nm":"点缀💗总","refId":"comp_6","ks":{"o":{"k":100},"r":{"k":0},"p":{"k":[1250,1844,0]},"a":{"k":[1250,1750,0]},"s":{"k":[70,70,100]}},"ao":0,"w":2500,"h":3500,"ip":0,"op":300,"st":0,"bm":0,"sr":1}]},{"id":"comp_3","layers":[{"ddd":0,"ind":0,"ty":2,"nm":"比心！.png","cl":"png","refId":"image_4","ks":{"o":{"k":100},"r":{"k":0},"p":{"k":[494,961,0]},"a":{"k":[262.5,217,0]},"s":{"k":[71,63.655,100]}},"ao":0,"ip":0,"op":300,"st":0,"bm":0,"sr":1}]},{"id":"comp_4","layers":[{"ddd":0,"ind":0,"ty":0,"nm":"电视比心-无腿","refId":"comp_5","ks":{"o":{"k":100},"r":{"k":0},"p":{"k":[960,878,0]},"a":{"k":[960,960,0]},"s":{"k":[100,100,100]}},"ao":0,"w":1920,"h":1920,"ip":0,"op":300,"st":0,"bm":0,"sr":1}]},{"id":"comp_5","layers":[{"ddd":0,"ind":0,"ty":2,"nm":"比心16@2x.png","cl":"png","refId":"image_5","ks":{"o":{"k":100},"r":{"k":0},"p":{"k":[916,1376,0]},"a":{"k":[350,303.5,0]},"s":{"k":[100,100,100]}},"ao":0,"ip":30,"op":152,"st":30,"bm":0,"sr":1},{"ddd":0,"ind":1,"ty":2,"nm":"比心15@2x.png","cl":"png","refId":"image_6","ks":{"o":{"k":100},"r":{"k":0},"p":{"k":[916,1376,0]},"a":{"k":[350,303.5,0]},"s":{"k":[100,100,100]}},"ao":0,"ip":28,"op":30,"st":28,"bm":0,"sr":1},{"ddd":0,"ind":2,"ty":2,"nm":"比心14@2x.png","cl":"png","refId":"image_7","ks":{"o":{"k":100},"r":{"k":0},"p":{"k":[916,1376,0]},"a":{"k":[350,303.5,0]},"s":{"k":[100,100,100]}},"ao":0,"ip":26,"op":28,"st":26,"bm":0,"sr":1},{"ddd":0,"ind":3,"ty":2,"nm":"比心13@2x.png","cl":"png","refId":"image_8","ks":{"o":{"k":100},"r":{"k":0},"p":{"k":[916,1376,0]},"a":{"k":[350,303.5,0]},"s":{"k":[100,100,100]}},"ao":0,"ip":24,"op":26,"st":24,"bm":0,"sr":1},{"ddd":0,"ind":4,"ty":2,"nm":"比心12@2x.png","cl":"png","refId":"image_9","ks":{"o":{"k":100},"r":{"k":0},"p":{"k":[916,1376,0]},"a":{"k":[350,303.5,0]},"s":{"k":[100,100,100]}},"ao":0,"ip":22,"op":24,"st":22,"bm":0,"sr":1},{"ddd":0,"ind":5,"ty":2,"nm":"比心11@2x.png","cl":"png","refId":"image_10","ks":{"o":{"k":100},"r":{"k":0},"p":{"k":[916,1376,0]},"a":{"k":[350,303.5,0]},"s":{"k":[100,100,100]}},"ao":0,"ip":20,"op":22,"st":20,"bm":0,"sr":1},{"ddd":0,"ind":6,"ty":2,"nm":"比心10@2x.png","cl":"png","refId":"image_11","ks":{"o":{"k":100},"r":{"k":0},"p":{"k":[916,1376,0]},"a":{"k":[350,303.5,0]},"s":{"k":[100,100,100]}},"ao":0,"ip":18,"op":20,"st":18,"bm":0,"sr":1},{"ddd":0,"ind":7,"ty":2,"nm":"比心9@2x.png","cl":"png","refId":"image_12","ks":{"o":{"k":100},"r":{"k":0},"p":{"k":[916,1376,0]},"a":{"k":[350,303.5,0]},"s":{"k":[100,100,100]}},"ao":0,"ip":16,"op":18,"st":16,"bm":0,"sr":1},{"ddd":0,"ind":8,"ty":2,"nm":"比心8@2x.png","cl":"png","refId":"image_13","ks":{"o":{"k":100},"r":{"k":0},"p":{"k":[916,1376,0]},"a":{"k":[350,303.5,0]},"s":{"k":[100,100,100]}},"ao":0,"ip":14,"op":16,"st":14,"bm":0,"sr":1},{"ddd":0,"ind":9,"ty":2,"nm":"比心7@2x.png","cl":"png","refId":"image_14","ks":{"o":{"k":100},"r":{"k":0},"p":{"k":[916,1376,0]},"a":{"k":[350,303.5,0]},"s":{"k":[100,100,100]}},"ao":0,"ip":12,"op":14,"st":12,"bm":0,"sr":1},{"ddd":0,"ind":10,"ty":2,"nm":"比心6@2x.png","cl":"png","refId":"image_15","ks":{"o":{"k":100},"r":{"k":0},"p":{"k":[916,1376,0]},"a":{"k":[350,303.5,0]},"s":{"k":[100,100,100]}},"ao":0,"ip":10,"op":12,"st":10,"bm":0,"sr":1},{"ddd":0,"ind":11,"ty":2,"nm":"比心5@2x.png","cl":"png","refId":"image_16","ks":{"o":{"k":100},"r":{"k":0},"p":{"k":[916,1376,0]},"a":{"k":[350,303.5,0]},"s":{"k":[100,100,100]}},"ao":0,"ip":8,"op":10,"st":8,"bm":0,"sr":1},{"ddd":0,"ind":12,"ty":2,"nm":"比心4@2x.png","cl":"png","refId":"image_17","ks":{"o":{"k":100},"r":{"k":0},"p":{"k":[916,1376,0]},"a":{"k":[350,303.5,0]},"s":{"k":[100,100,100]}},"ao":0,"ip":6,"op":8,"st":6,"bm":0,"sr":1},{"ddd":0,"ind":13,"ty":2,"nm":"比心3@2x.png","cl":"png","refId":"image_18","ks":{"o":{"k":100},"r":{"k":0},"p":{"k":[916,1376,0]},"a":{"k":[350,303.5,0]},"s":{"k":[100,100,100]}},"ao":0,"ip":4,"op":6,"st":4,"bm":0,"sr":1},{"ddd":0,"ind":14,"ty":2,"nm":"比心2@2x.png","cl":"png","refId":"image_19","ks":{"o":{"k":100},"r":{"k":0},"p":{"k":[916,1376,0]},"a":{"k":[350,303.5,0]},"s":{"k":[100,100,100]}},"ao":0,"ip":2,"op":4,"st":0,"bm":0,"sr":1},{"ddd":0,"ind":15,"ty":2,"nm":"比心1@2x.png","cl":"png","refId":"image_20","ks":{"o":{"k":100},"r":{"k":0},"p":{"k":[916,1376,0]},"a":{"k":[350,303.5,0]},"s":{"k":[100,100,100]}},"ao":0,"ip":0,"op":2,"st":0,"bm":0,"sr":1}]},{"id":"comp_6","layers":[{"ddd":0,"ind":0,"ty":0,"nm":"点缀！💗","refId":"comp_7","ks":{"o":{"k":72},"r":{"k":0},"p":{"k":[1230,1560,0]},"a":{"k":[960,960,0]},"s":{"k":[86,86,100]}},"ao":0,"w":1920,"h":1920,"ip":14,"op":734,"st":14,"bm":0,"sr":2.4},{"ddd":0,"ind":1,"ty":0,"nm":"点缀！💗","refId":"comp_7","ks":{"o":{"k":100},"r":{"k":0},"p":{"k":[1250,1600,0]},"a":{"k":[960,960,0]},"s":{"k":[112,112,100]}},"ao":0,"w":1920,"h":1920,"ip":3,"op":543,"st":3,"bm":0,"sr":1.8}]},{"id":"comp_7","layers":[{"ddd":0,"ind":0,"ty":2,"nm":"❤️深3.png","cl":"png","refId":"image_21","ks":{"o":{"k":[{"i":{"x":[0.667],"y":[1]},"o":{"x":[0.333],"y":[0]},"n":["0p667_1_0p333_0"],"t":4,"s":[30],"e":[100]},{"i":{"x":[0.667],"y":[1]},"o":{"x":[0.333],"y":[0]},"n":["0p667_1_0p333_0"],"t":11,"s":[100],"e":[0]},{"t":18}]},"r":{"k":[{"i":{"x":[0.833],"y":[0.833]},"o":{"x":[0.167],"y":[0.167]},"n":["0p833_0p833_0p167_0p167"],"t":4,"s":[10],"e":[2]},{"t":18}]},"p":{"k":[{"i":{"x":0.667,"y":0.476},"o":{"x":0.333,"y":0},"n":"0p667_0p476_0p333_0","t":4,"s":[873,1194,0],"e":[953,935.998,0],"to":[-2.37502241134644,-1.91668474674225,0],"ti":[-29.1876201629639,138.042236328125,0]},{"i":{"x":0.667,"y":1},"o":{"x":0.333,"y":0.54},"n":"0p667_1_0p333_0p54","t":11,"s":[953,935.998,0],"e":[975,675,0],"to":[29.1873798370361,-138.041091918945,0],"ti":[2.37497758865356,1.91664862632751,0]},{"t":18}]},"a":{"k":[21,92,0]},"s":{"k":[{"i":{"x":[0.833,0.833,0.833],"y":[0.833,0.833,0.833]},"o":{"x":[0.167,0.167,0.167],"y":[0.167,0.167,0.167]},"n":["0p833_0p833_0p167_0p167","0p833_0p833_0p167_0p167","0p833_0p833_0p167_0p167"],"t":4,"s":[82,82,100],"e":[146,146,100]},{"t":18}]}},"ao":0,"ip":4,"op":300,"st":0,"bm":0,"sr":1},{"ddd":0,"ind":2,"ty":2,"nm":"❤️深2.png","cl":"png","refId":"image_22","ks":{"o":{"k":[{"i":{"x":[0.667],"y":[1]},"o":{"x":[0.333],"y":[0]},"n":["0p667_1_0p333_0"],"t":0,"s":[0],"e":[100]},{"i":{"x":[0.667],"y":[1]},"o":{"x":[0.333],"y":[0]},"n":["0p667_1_0p333_0"],"t":9,"s":[100],"e":[0]},{"t":18}]},"r":{"k":[{"i":{"x":[0.667],"y":[1]},"o":{"x":[0.333],"y":[0]},"n":["0p667_1_0p333_0"],"t":0,"s":[30],"e":[6]},{"t":18}]},"p":{"k":[{"i":{"x":0.667,"y":0.469},"o":{"x":0.333,"y":0},"n":"0p667_0p469_0p333_0","t":0,"s":[983,1149,0],"e":[1071.001,1004.998,0],"to":[2.58337950706482,-3.37506031990051,0],"ti":[-28.7085933685303,83.3132553100586,0]},{"i":{"x":0.667,"y":1},"o":{"x":0.333,"y":0.524},"n":"0p667_1_0p333_0p524","t":9,"s":[1071.001,1004.998,0],"e":[1126,842,0],"to":[28.7080745697021,-83.3117446899414,0],"ti":[-2.58328723907471,3.37493968009949,0]},{"t":18}]},"a":{"k":[21,92,0]},"s":{"k":[{"i":{"x":[0.667,0.667,0.667],"y":[0.85,0.85,0.667]},"o":{"x":[0.333,0.333,0.333],"y":[0,0,0.333]},"n":["0p667_0p85_0p333_0","0p667_0p85_0p333_0","0p667_0p667_0p333_0p333"],"t":0,"s":[72,72,100],"e":[82,82,100]},{"i":{"x":[0.667,0.667,0.667],"y":[1,1,0.667]},"o":{"x":[0.333,0.333,0.333],"y":[0.187,0.187,0.333]},"n":["0p667_1_0p333_0p187","0p667_1_0p333_0p187","0p667_0p667_0p333_0p333"],"t":9,"s":[82,82,100],"e":[90,90,100]},{"t":18}]}},"ao":0,"ip":0,"op":300,"st":0,"bm":0,"sr":1},{"ddd":0,"ind":4,"ty":2,"nm":"❤️深3.png","cl":"png","refId":"image_21","ks":{"o":{"k":[{"i":{"x":[0.667],"y":[1]},"o":{"x":[0.167],"y":[0]},"n":["0p667_1_0p167_0"],"t":1,"s":[0],"e":[100]},{"i":{"x":[0.667],"y":[1]},"o":{"x":[0.333],"y":[0]},"n":["0p667_1_0p333_0"],"t":11,"s":[100],"e":[0]},{"t":21}]},"r":{"k":[{"i":{"x":[0.667],"y":[1]},"o":{"x":[0.333],"y":[0]},"n":["0p667_1_0p333_0"],"t":1,"s":[0],"e":[-9]},{"t":21}]},"p":{"k":[{"i":{"x":0.667,"y":0.458},"o":{"x":0.333,"y":0},"n":"0p667_0p458_0p333_0","t":1,"s":[864,1366,0],"e":[824.001,1056.005,0],"to":[-1.8124566078186,-2.49994015693665,0],"ti":[27.6771221160889,163.77099609375,0]},{"i":{"x":0.667,"y":1},"o":{"x":0.333,"y":0.497},"n":"0p667_1_0p333_0p497","t":11,"s":[824.001,1056.005,0],"e":[778,718,0],"to":[-28.3503189086914,-167.754440307617,0],"ti":[1.8125433921814,2.50005984306335,0]},{"t":21}]},"a":{"k":[21,92,0]},"s":{"k":[104,104,100]}},"ao":0,"ip":1,"op":300,"st":0,"bm":0,"sr":1},{"ddd":0,"ind":6,"ty":2,"nm":"❤️深3.png","cl":"png","refId":"image_21","ks":{"o":{"k":[{"i":{"x":[0.667],"y":[1]},"o":{"x":[0.167],"y":[0]},"n":["0p667_1_0p167_0"],"t":1,"s":[0],"e":[100]},{"i":{"x":[0.667],"y":[1]},"o":{"x":[0.333],"y":[0]},"n":["0p667_1_0p333_0"],"t":11,"s":[100],"e":[0]},{"t":21}]},"r":{"k":[{"i":{"x":[0.833],"y":[0.833]},"o":{"x":[0.167],"y":[0.167]},"n":["0p833_0p833_0p167_0p167"],"t":1,"s":[-40],"e":[-18]},{"t":21}]},"p":{"k":[{"i":{"x":0.667,"y":0.514},"o":{"x":0.333,"y":0},"n":"0p667_0p514_0p333_0","t":1,"s":[620,1583,0],"e":[484.001,1416.503,0],"to":[-1.81245744228363,-2.49994111061096,0],"ti":[49.0932884216309,90.9991455078125,0]},{"i":{"x":0.667,"y":1},"o":{"x":0.333,"y":0.495},"n":"0p667_1_0p333_0p495","t":11,"s":[484.001,1416.503,0],"e":[411,1218,0],"to":[-49.0942115783691,-91.0008544921875,0],"ti":[1.81254255771637,2.50005888938904,0]},{"t":21}]},"a":{"k":[21,92,0]},"s":{"k":[108,108,100]}},"ao":0,"ip":1,"op":300,"st":0,"bm":0,"sr":1},{"ddd":0,"ind":8,"ty":2,"nm":"❤️深4.png","cl":"png","refId":"image_23","ks":{"o":{"k":[{"i":{"x":[0.667],"y":[1]},"o":{"x":[0.333],"y":[0]},"n":["0p667_1_0p333_0"],"t":4,"s":[0],"e":[90]},{"i":{"x":[0.667],"y":[1]},"o":{"x":[0.333],"y":[0]},"n":["0p667_1_0p333_0"],"t":13,"s":[90],"e":[0]},{"t":22}]},"r":{"k":[{"i":{"x":[0.833],"y":[0.833]},"o":{"x":[0.167],"y":[0.167]},"n":["0p833_0p833_0p167_0p167"],"t":4,"s":[30],"e":[8]},{"t":22}]},"p":{"k":[{"i":{"x":0.667,"y":0.485},"o":{"x":0.333,"y":0},"n":"0p667_0p485_0p333_0","t":4,"s":[923,1546,0],"e":[1011.001,1410.998,0],"to":[1.25001811981201,-3.25004696846008,0],"ti":[-34.375316619873,73.8756790161133,0]},{"i":{"x":0.667,"y":1},"o":{"x":0.333,"y":0.533},"n":"0p667_1_0p333_0p533","t":13,"s":[1011.001,1410.998,0],"e":[1063,1264,0],"to":[34.374683380127,-73.8743209838867,0],"ti":[-1.24998188018799,3.24995303153992,0]},{"t":22}]},"a":{"k":[21,92,0]},"s":{"k":[80,80,100]}},"ao":0,"ip":4,"op":300,"st":0,"bm":0,"sr":1},{"ddd":0,"ind":10,"ty":2,"nm":"❤️深3.png","cl":"png","refId":"image_21","ks":{"o":{"k":[{"i":{"x":[0.667],"y":[1]},"o":{"x":[0.167],"y":[0]},"n":["0p667_1_0p167_0"],"t":2,"s":[0],"e":[60]},{"i":{"x":[0.667],"y":[1]},"o":{"x":[0.333],"y":[0]},"n":["0p667_1_0p333_0"],"t":11,"s":[60],"e":[0]},{"t":18}]},"r":{"k":[{"i":{"x":[0.833],"y":[0.833]},"o":{"x":[0.167],"y":[0.167]},"n":["0p833_0p833_0p167_0p167"],"t":2,"s":[20],"e":[14]},{"t":18}]},"p":{"k":[{"i":{"x":0.667,"y":0.518},"o":{"x":0.333,"y":0},"n":"0p667_0p518_0p333_0","t":2,"s":[967,1610,0],"e":[1078.869,1457.91,0],"to":[1.97322618961334,-3.14776539802551,0],"ti":[-44.8162231445312,77.5337524414062,0]},{"i":{"x":0.667,"y":1},"o":{"x":0.333,"y":0.511},"n":"0p667_1_0p333_0p511","t":11,"s":[1078.869,1457.91,0],"e":[1143,1335,0],"to":[34.6770362854004,-59.9925765991211,0],"ti":[-1.5267778635025,2.43557405471802,0]},{"t":18}]},"a":{"k":[21,92,0]},"s":{"k":[106,106,100]}},"ao":0,"ip":2,"op":300,"st":0,"bm":0,"sr":1},{"ddd":0,"ind":12,"ty":2,"nm":"❤️深3.png","cl":"png","refId":"image_21","ks":{"o":{"k":[{"i":{"x":[0.667],"y":[1]},"o":{"x":[0.167],"y":[0]},"n":["0p667_1_0p167_0"],"t":3,"s":[0],"e":[100]},{"i":{"x":[0.667],"y":[1]},"o":{"x":[0.333],"y":[0]},"n":["0p667_1_0p333_0"],"t":17,"s":[100],"e":[0]},{"t":29}]},"r":{"k":[{"i":{"x":[0.833],"y":[0.833]},"o":{"x":[0.167],"y":[0.167]},"n":["0p833_0p833_0p167_0p167"],"t":3,"s":[33],"e":[10]},{"t":29}]},"p":{"k":[{"i":{"x":0.667,"y":0.467},"o":{"x":0.333,"y":0},"n":"0p667_0p467_0p333_0","t":3,"s":[1181,1479,0],"e":[1340.014,1350.012,0],"to":[2.62704372406006,-4.02017307281494,0],"ti":[-63.6926612854004,86.9882888793945,0]},{"i":{"x":0.667,"y":1},"o":{"x":0.333,"y":0.494},"n":"0p667_1_0p333_0p494","t":16,"s":[1340.014,1350.012,0],"e":[1451,1157,0],"to":[63.5577812194824,-86.8040771484375,0],"ti":[-2.87206053733826,4.39512300491333,0]},{"t":29}]},"a":{"k":[21,92,0]},"s":{"k":[{"i":{"x":[0.833,0.833,0.833],"y":[0.833,0.833,0.833]},"o":{"x":[0.167,0.167,0.167],"y":[0.167,0.167,0.167]},"n":["0p833_0p833_0p167_0p167","0p833_0p833_0p167_0p167","0p833_0p833_0p167_0p167"],"t":3,"s":[90,90,100],"e":[160,160,100]},{"t":29}]}},"ao":0,"ip":3,"op":300,"st":0,"bm":0,"sr":1},{"ddd":0,"ind":14,"ty":2,"nm":"❤️深2.png","cl":"png","refId":"image_22","ks":{"o":{"k":[{"i":{"x":[0.667],"y":[1]},"o":{"x":[0.167],"y":[0]},"n":["0p667_1_0p167_0"],"t":0,"s":[0],"e":[100]},{"i":{"x":[0.667],"y":[1]},"o":{"x":[0.333],"y":[0]},"n":["0p667_1_0p333_0"],"t":10,"s":[100],"e":[0]},{"t":19}]},"r":{"k":[{"i":{"x":[0.667],"y":[1]},"o":{"x":[0.333],"y":[0]},"n":["0p667_1_0p333_0"],"t":0,"s":[36],"e":[19]},{"t":19}]},"p":{"k":[{"i":{"x":0.667,"y":0.469},"o":{"x":0.333,"y":0},"n":"0p667_0p469_0p333_0","t":0,"s":[1271,1825,0],"e":[1379.671,1710.913,0],"to":[5.40371656417847,-9.47500991821289,0],"ti":[-47.0910415649414,60.3440322875977,0]},{"i":{"x":0.667,"y":1},"o":{"x":0.333,"y":0.521},"n":"0p667_1_0p333_0p521","t":9,"s":[1379.671,1710.913,0],"e":[1468,1556,0],"to":[53.2610855102539,-68.2505340576172,0],"ti":[-6.80278158187866,11.928165435791,0]},{"t":19}]},"a":{"k":[21,92,0]},"s":{"k":[104,104,100]}},"ao":0,"ip":0,"op":300,"st":0,"bm":0,"sr":1},{"ddd":0,"ind":16,"ty":2,"nm":"❤️深3.png","cl":"png","refId":"image_21","ks":{"o":{"k":[{"i":{"x":[0.667],"y":[1]},"o":{"x":[0.167],"y":[0]},"n":["0p667_1_0p167_0"],"t":2,"s":[0],"e":[100]},{"i":{"x":[0.667],"y":[1]},"o":{"x":[0.333],"y":[0]},"n":["0p667_1_0p333_0"],"t":15,"s":[100],"e":[0]},{"t":27}]},"r":{"k":[{"i":{"x":[0.667],"y":[1]},"o":{"x":[0.333],"y":[0]},"n":["0p667_1_0p333_0"],"t":2,"s":[-42],"e":[-15]},{"t":27}]},"p":{"k":[{"i":{"x":0.667,"y":0.55},"o":{"x":0.333,"y":0},"n":"0p667_0p55_0p333_0","t":2,"s":[494,1220,0],"e":[314.076,1070.091,0],"to":[-6.90006828308105,-7.29745435714722,0],"ti":[64.2176208496094,77.2240219116211,0]},{"i":{"x":0.667,"y":1},"o":{"x":0.333,"y":0.565},"n":"0p667_1_0p333_0p565","t":14,"s":[314.076,1070.091,0],"e":[205,900,0],"to":[-69.1074676513672,-83.1042327880859,0],"ti":[9.07495498657227,9.59759616851807,0]},{"t":27}]},"a":{"k":[21,92,0]},"s":{"k":[{"i":{"x":[0.833,0.833,0.833],"y":[0.833,0.833,0.833]},"o":{"x":[0.167,0.167,0.167],"y":[0.167,0.167,0.167]},"n":["0p833_0p833_0p167_0p167","0p833_0p833_0p167_0p167","0p833_0p833_0p167_0p167"],"t":2,"s":[76,76,100],"e":[91,91,100]},{"t":27}]}},"ao":0,"ip":2,"op":300,"st":0,"bm":0,"sr":1},{"ddd":0,"ind":18,"ty":2,"nm":"❤️深2.png","cl":"png","refId":"image_22","ks":{"o":{"k":[{"i":{"x":[0.667],"y":[1]},"o":{"x":[0.167],"y":[0]},"n":["0p667_1_0p167_0"],"t":4,"s":[0],"e":[100]},{"i":{"x":[0.667],"y":[1]},"o":{"x":[0.333],"y":[0]},"n":["0p667_1_0p333_0"],"t":13,"s":[100],"e":[0]},{"t":22}]},"r":{"k":[{"i":{"x":[0.833],"y":[0.833]},"o":{"x":[0.167],"y":[0.167]},"n":["0p833_0p833_0p167_0p167"],"t":4,"s":[30],"e":[10]},{"t":22}]},"p":{"k":[{"i":{"x":0.667,"y":0.527},"o":{"x":0.333,"y":0},"n":"0p667_0p527_0p333_0","t":4,"s":[1385,1443,0],"e":[1532.999,1292.002,0],"to":[4.83329057693481,-10.1665773391724,0],"ti":[-51.0829467773438,79.9160614013672,0]},{"i":{"x":0.667,"y":1},"o":{"x":0.333,"y":0.547},"n":"0p667_1_0p333_0p547","t":13,"s":[1532.999,1292.002,0],"e":[1608,1125,0],"to":[51.0837211608887,-79.9172744750977,0],"ti":[-4.83337593078613,10.1667566299438,0]},{"t":22}]},"a":{"k":[21,92,0]},"s":{"k":[96,96,100]}},"ao":0,"ip":4,"op":300,"st":0,"bm":0,"sr":1},{"ddd":0,"ind":20,"ty":2,"nm":"❤️深1.png","cl":"png","refId":"image_24","ks":{"o":{"k":[{"i":{"x":[0.667],"y":[1]},"o":{"x":[0.333],"y":[0]},"n":["0p667_1_0p333_0"],"t":0,"s":[0],"e":[100]},{"i":{"x":[0.667],"y":[1]},"o":{"x":[0.333],"y":[0]},"n":["0p667_1_0p333_0"],"t":9,"s":[100],"e":[0]},{"t":18}]},"r":{"k":0},"p":{"k":[{"i":{"x":0.667,"y":0.422},"o":{"x":0.333,"y":0},"n":"0p667_0p422_0p333_0","t":0,"s":[1125,1374,0],"e":[1205.001,1270.999,0],"to":[5.16671228408813,-6.75005960464478,0],"ti":[-34.4169273376465,62.6254730224609,0]},{"i":{"x":0.667,"y":1},"o":{"x":0.333,"y":0.459},"n":"0p667_1_0p333_0p459","t":9,"s":[1205.001,1270.999,0],"e":[1266,1118,0],"to":[34.4164047241211,-62.6245269775391,0],"ti":[-5.16662120819092,6.74994039535522,0]},{"t":18}]},"a":{"k":[21,92,0]},"s":{"k":[80,80,100]}},"ao":0,"ip":0,"op":300,"st":0,"bm":0,"sr":1},{"ddd":0,"ind":22,"ty":2,"nm":"❤️深3.png","cl":"png","refId":"image_21","ks":{"o":{"k":[{"i":{"x":[0.667],"y":[1]},"o":{"x":[0.333],"y":[0]},"n":["0p667_1_0p333_0"],"t":3,"s":[0],"e":[100]},{"i":{"x":[0.667],"y":[1]},"o":{"x":[0.333],"y":[0]},"n":["0p667_1_0p333_0"],"t":11,"s":[100],"e":[0]},{"t":19}]},"r":{"k":[{"i":{"x":[0.833],"y":[0.833]},"o":{"x":[0.167],"y":[0.167]},"n":["0p833_0p833_0p167_0p167"],"t":3,"s":[30],"e":[18]},{"t":19}]},"p":{"k":[{"i":{"x":0.667,"y":0.479},"o":{"x":0.333,"y":0},"n":"0p667_0p479_0p333_0","t":3,"s":[1162,1401,0],"e":[1342,1267,0],"to":[38.5240478515625,-22.5781841278076,0],"ti":[-10.5405321121216,10.6044139862061,0]},{"i":{"x":0.667,"y":1},"o":{"x":0.333,"y":0.544},"n":"0p667_1_0p333_0p544","t":11,"s":[1342,1267,0],"e":[1479,1102,0],"to":[68.7500839233398,-69.1667556762695,0],"ti":[-15.5000343322754,35.6667022705078,0]},{"t":19}]},"a":{"k":[21,92,0]},"s":{"k":[{"i":{"x":[0.833,0.833,0.833],"y":[0.833,0.833,0.833]},"o":{"x":[0.167,0.167,0.167],"y":[0.167,0.167,0.167]},"n":["0p833_0p833_0p167_0p167","0p833_0p833_0p167_0p167","0p833_0p833_0p167_0p167"],"t":3,"s":[88,88,100],"e":[148,148,100]},{"t":19}]}},"ao":0,"ip":3,"op":300,"st":0,"bm":0,"sr":1},{"ddd":0,"ind":24,"ty":2,"nm":"❤️深1.png","cl":"png","refId":"image_24","ks":{"o":{"k":[{"i":{"x":[0.667],"y":[1]},"o":{"x":[0.333],"y":[0]},"n":["0p667_1_0p333_0"],"t":0,"s":[0],"e":[100]},{"i":{"x":[0.667],"y":[1]},"o":{"x":[0.333],"y":[0]},"n":["0p667_1_0p333_0"],"t":8,"s":[100],"e":[0]},{"t":16}]},"r":{"k":[{"i":{"x":[0.667],"y":[1]},"o":{"x":[0.333],"y":[0]},"n":["0p667_1_0p333_0"],"t":0,"s":[-23],"e":[0]},{"t":16}]},"p":{"k":[{"i":{"x":0.667,"y":0.49},"o":{"x":0.333,"y":0},"n":"0p667_0p49_0p333_0","t":0,"s":[677.5,1146,0],"e":[594,1047,0],"to":[-16.4999885559082,-14.8333082199097,0],"ti":[22.4999713897705,50.8332710266113,0]},{"i":{"x":0.667,"y":1},"o":{"x":0.333,"y":0.509},"n":"0p667_1_0p333_0p509","t":8,"s":[594,1047,0],"e":[546,925,0],"to":[-22.5000286102295,-50.8333969116211,0],"ti":[9.0000114440918,20.3333587646484,0]},{"t":16}]},"a":{"k":[21,92,0]},"s":{"k":[114,114,100]}},"ao":0,"ip":0,"op":300,"st":0,"bm":0,"sr":1},{"ddd":0,"ind":26,"ty":2,"nm":"❤️深3.png","cl":"png","refId":"image_21","ks":{"o":{"k":[{"i":{"x":[0.833],"y":[0.833]},"o":{"x":[0.167],"y":[0.167]},"n":["0p833_0p833_0p167_0p167"],"t":1,"s":[0],"e":[100]},{"i":{"x":[0.833],"y":[0.833]},"o":{"x":[0.167],"y":[0.167]},"n":["0p833_0p833_0p167_0p167"],"t":8,"s":[100],"e":[0]},{"t":15}]},"r":{"k":0},"p":{"k":[{"i":{"x":0.833,"y":0.833},"o":{"x":0.167,"y":0.167},"n":"0p833_0p833_0p167_0p167","t":1,"s":[648,1256.5,0],"e":[583.5,1186.5,0],"to":[-11.6666555404663,-11.6666498184204,0],"ti":[22.9166374206543,34.1666259765625,0]},{"i":{"x":0.833,"y":0.833},"o":{"x":0.167,"y":0.167},"n":"0p833_0p833_0p167_0p167","t":8,"s":[583.5,1186.5,0],"e":[541,1098,0],"to":[-22.9166946411133,-34.1667098999023,0],"ti":[5.16667795181274,13.1666831970215,0]},{"t":15}]},"a":{"k":[21,92,0]},"s":{"k":[72,72,100]}},"ao":0,"ip":1,"op":300,"st":0,"bm":0,"sr":1},{"ddd":0,"ind":28,"ty":2,"nm":"❤️深3.png","cl":"png","refId":"image_21","ks":{"o":{"k":[{"i":{"x":[0.667],"y":[1]},"o":{"x":[0.333],"y":[0]},"n":["0p667_1_0p333_0"],"t":3,"s":[0],"e":[100]},{"i":{"x":[0.667],"y":[1]},"o":{"x":[0.333],"y":[0]},"n":["0p667_1_0p333_0"],"t":15,"s":[100],"e":[0]},{"t":26}]},"r":{"k":[{"i":{"x":[0.833],"y":[0.833]},"o":{"x":[0.167],"y":[0.167]},"n":["0p833_0p833_0p167_0p167"],"t":3,"s":[28],"e":[0]},{"t":26}]},"p":{"k":[{"i":{"x":0.667,"y":0.512},"o":{"x":0.333,"y":0},"n":"0p667_0p512_0p333_0","t":3,"s":[1223,1237,0],"e":[1363.864,1045.14,0],"to":[11.0034494400024,-18.9503860473633,0],"ti":[-49.9496955871582,93.5755767822266,0]},{"i":{"x":0.667,"y":1},"o":{"x":0.333,"y":0.497},"n":"0p667_1_0p333_0p497","t":15,"s":[1363.864,1045.14,0],"e":[1435,843,0],"to":[45.3790397644043,-85.0129241943359,0],"ti":[-9.99655151367188,17.2162837982178,0]},{"t":26}]},"a":{"k":[44,40.5,0]},"s":{"k":[{"i":{"x":[0.833,0.833,0.833],"y":[0.833,0.833,0.833]},"o":{"x":[0.167,0.167,0.167],"y":[0.167,0.167,0.167]},"n":["0p833_0p833_0p167_0p167","0p833_0p833_0p167_0p167","0p833_0p833_0p167_0p167"],"t":3,"s":[118,118,100],"e":[118,118,100]},{"t":26}]}},"ao":0,"ip":3,"op":300,"st":0,"bm":0,"sr":1},{"ddd":0,"ind":30,"ty":2,"nm":"❤️深2.png","cl":"png","refId":"image_22","ks":{"o":{"k":[{"i":{"x":[0.667],"y":[1]},"o":{"x":[0.333],"y":[0]},"n":["0p667_1_0p333_0"],"t":0,"s":[0],"e":[100]},{"i":{"x":[0.667],"y":[1]},"o":{"x":[0.333],"y":[0]},"n":["0p667_1_0p333_0"],"t":11,"s":[100],"e":[0]},{"t":22}]},"r":{"k":[{"i":{"x":[0.833],"y":[0.833]},"o":{"x":[0.167],"y":[0.167]},"n":["0p833_0p833_0p167_0p167"],"t":0,"s":[-30],"e":[-9]},{"t":22}]},"p":{"k":[{"i":{"x":0.667,"y":0.374},"o":{"x":0.333,"y":0},"n":"0p667_0p374_0p333_0","t":0,"s":[584,1804,0],"e":[471,1682,0],"to":[-24.6666870117188,-20.5000381469727,0],"ti":[40.6667175292969,55.2500953674316,0]},{"i":{"x":0.667,"y":1},"o":{"x":0.333,"y":0.4},"n":"0p667_1_0p333_0p4","t":11,"s":[471,1682,0],"e":[369,1443,0],"to":[-51.5080032348633,-69.9791412353516,0],"ti":[9.66664600372314,34.4999618530273,0]},{"t":22}]},"a":{"k":[21,92,0]},"s":{"k":[{"i":{"x":[0.833,0.833,0.833],"y":[0.833,0.833,0.833]},"o":{"x":[0.167,0.167,0.167],"y":[0.167,0.167,0.167]},"n":["0p833_0p833_0p167_0p167","0p833_0p833_0p167_0p167","0p833_0p833_0p167_0p167"],"t":0,"s":[92,92,100],"e":[156,156,100]},{"t":22}]}},"ao":0,"ip":2,"op":300,"st":0,"bm":0,"sr":1},{"ddd":0,"ind":32,"ty":2,"nm":"❤️深1.png","cl":"png","refId":"image_24","ks":{"o":{"k":[{"i":{"x":[0.667],"y":[1]},"o":{"x":[0.167],"y":[0]},"n":["0p667_1_0p167_0"],"t":0,"s":[0],"e":[100]},{"i":{"x":[0.667],"y":[1]},"o":{"x":[0.333],"y":[0]},"n":["0p667_1_0p333_0"],"t":8,"s":[100],"e":[0]},{"t":16}]},"r":{"k":[{"i":{"x":[0.667],"y":[1]},"o":{"x":[0.333],"y":[0]},"n":["0p667_1_0p333_0"],"t":0,"s":[-40],"e":[-10]},{"t":16}]},"p":{"k":[{"i":{"x":0.667,"y":0.506},"o":{"x":0.333,"y":0},"n":"0p667_0p506_0p333_0","t":0,"s":[691,1414,0],"e":[552.999,1318.998,0],"to":[-1.87503576278687,-3.16672706604004,0],"ti":[50.5629577636719,64.4172515869141,0]},{"i":{"x":0.667,"y":1},"o":{"x":0.333,"y":0.579},"n":"0p667_1_0p333_0p579","t":8,"s":[552.999,1318.998,0],"e":[474,1198,0],"to":[-50.5620422363281,-64.4160842895508,0],"ti":[1.87496423721313,3.16660618782043,0]},{"t":16}]},"a":{"k":[21,92,0]},"s":{"k":[{"i":{"x":[0.667,0.667,0.667],"y":[1,1,0.667]},"o":{"x":[0.333,0.333,0.333],"y":[0,0,0.333]},"n":["0p667_1_0p333_0","0p667_1_0p333_0","0p667_0p667_0p333_0p333"],"t":0,"s":[74,74,100],"e":[150,150,100]},{"t":16}]}},"ao":0,"ip":0,"op":300,"st":0,"bm":0,"sr":1},{"ddd":0,"ind":34,"ty":2,"nm":"❤️深1.png","cl":"png","refId":"image_24","ks":{"o":{"k":[{"i":{"x":[0.667],"y":[1]},"o":{"x":[0.333],"y":[0]},"n":["0p667_1_0p333_0"],"t":4,"s":[30],"e":[100]},{"i":{"x":[0.667],"y":[1]},"o":{"x":[0.333],"y":[0]},"n":["0p667_1_0p333_0"],"t":11,"s":[100],"e":[0]},{"t":18}]},"r":{"k":[{"i":{"x":[0.833],"y":[0.833]},"o":{"x":[0.167],"y":[0.167]},"n":["0p833_0p833_0p167_0p167"],"t":4,"s":[-30],"e":[-30]},{"t":18}]},"p":{"k":[{"i":{"x":0.667,"y":0.388},"o":{"x":0.333,"y":0},"n":"0p667_0p388_0p333_0","t":4,"s":[690,1384,0],"e":[633,1373.5,0],"to":[-9.5000114440918,-7.66667604446411,0],"ti":[23.7500286102295,19.166690826416,0]},{"i":{"x":0.667,"y":1},"o":{"x":0.333,"y":0.663},"n":"0p667_1_0p333_0p663","t":11,"s":[633,1373.5,0],"e":[582,1354.5,0],"to":[-23.7499713897705,-19.1666431427002,0],"ti":[9.4999885559082,7.66665697097778,0]},{"t":18}]},"a":{"k":[21,92,0]},"s":{"k":[{"i":{"x":[0.833,0.833,0.833],"y":[0.833,0.833,0.833]},"o":{"x":[0.167,0.167,0.167],"y":[0.167,0.167,0.167]},"n":["0p833_0p833_0p167_0p167","0p833_0p833_0p167_0p167","0p833_0p833_0p167_0p167"],"t":4,"s":[72,72,100],"e":[118,118,100]},{"i":{"x":[0.833,0.833,0.833],"y":[0.833,0.833,0.833]},"o":{"x":[0.167,0.167,0.167],"y":[0.167,0.167,0.167]},"n":["0p833_0p833_0p167_0p167","0p833_0p833_0p167_0p167","0p833_0p833_0p167_0p167"],"t":11,"s":[118,118,100],"e":[180,180,100]},{"t":18}]}},"ao":0,"ip":4,"op":300,"st":0,"bm":0,"sr":1}]}],"layers":[{"ddd":0,"ind":0,"ty":0,"nm":"适配 An 竖屏","refId":"comp_0","ks":{"o":{"k":100},"r":{"k":0},"p":{"k":[360,640,0]},"a":{"k":[360,640,0]},"s":{"k":[100,100,100]}},"ao":0,"w":720,"h":1280,"ip":0,"op":300,"st":0,"bm":0,"sr":1},{"ddd":0,"ind":1,"ty":4,"nm":"蒙版","ks":{"o":{"k":[{"i":{"x":[0.833],"y":[1]},"o":{"x":[0.167],"y":[0]},"n":["0p833_1_0p167_0"],"t":92,"s":[0],"e":[36]},{"i":{"x":[0.667],"y":[1]},"o":{"x":[0.333],"y":[0]},"n":["0p667_1_0p333_0"],"t":103,"s":[36],"e":[0]},{"t":113}]},"r":{"k":0},"p":{"k":[332,624,0]},"a":{"k":[0,0,0]},"s":{"k":[100,100,100]}},"ao":0,"shapes":[{"ty":"gr","it":[{"ty":"rc","d":1,"s":{"k":[780,1387.36]},"p":{"k":[0,0]},"r":{"k":0},"nm":"矩形路径 1","mn":"ADBE Vector Shape - Rect"},{"ty":"fl","c":{"k":[1,0.31,0.52,1]},"o":{"k":100},"nm":"填充 1","mn":"ADBE Vector Graphic - Fill"},{"ty":"tr","p":{"k":[23.984,12.125],"ix":2},"a":{"k":[0,0],"ix":1},"s":{"k":[100,100],"ix":3},"r":{"k":0,"ix":6},"o":{"k":100,"ix":7},"sk":{"k":0,"ix":4},"sa":{"k":0,"ix":5},"nm":"变换"}],"nm":"矩形 1","np":3,"mn":"ADBE Vector Group"}],"ip":92,"op":337,"st":37,"bm":0,"sr":1}],"v":"4.5.4","ddd":0,"ip":0,"op":152,"fr":25,"w":720,"h":1280}